,label,score,sentence
0,1,0.9967638254165649,Whiskey barrel explosions: a newly discovered danger.
1,1,0.9990371465682983,Tissue Doppler imaging consistently detects myocardial abnormalities in patients with hypertrophic cardiomyopathy and provides a novel means for an early diagnosis before and independently of hypertrophy.
2,0,0.9709239602088928,Effect of reversible dorsal cold block on the persistence of inhibition generated by spinal reflexes
3,1,0.5094834566116333,Establishment of a free-ranging colony of Stumptail macaques (Macaca arctoides): Relations to the ecology I
4,1,0.6823452711105347,Persistent irregular activity is a result of rebound and coincident detection mechanisms: A computational study
5,1,0.9495925903320312,Sonic Hedgehog contributes to gastric mucosal restitution after injury
6,0,0.9892633557319641,"Multi-Resolution Analysis of Divine Sound ""OM"" Using Discrete Wavelet Transform."
7,0,0.9998109936714172,A New Backpropagation Learning Algorithm for Layered Neural Networks with Nondifferentiable Units
8,1,0.9966756105422974,How Not to Answer Questions in Political Interviews
9,1,0.9993840456008911,Gnathosonics: A Study of Sounds Produced by the Masticatory Mechanism.
10,1,0.9998443126678467,Smelly feet are not always a bad thing: the relationship between cyprid footprint protein and the barnacle settlement pheromone.
11,0,0.9416958689689636,"Shouting and Cursing While Driving: Frequency, Reasons, Perceived Risk and Punishment"
12,0,0.9997956156730652,Effect of stand-replacing fires on Mediterranean plant species in their marginal alpine range
13,0,0.9997404217720032,"A Preliminary Report on the Measurements of About 1000 Students at Ann Arbor, Michigan"
14,1,0.9895119071006775,One giant leap for mankind? A cost-utility analysis of abolishing the law of gravity
15,1,0.9368333220481873,Acute administration of cocaine reduces metabotropic glutamate receptor 8 protein expression in the rat striatum in vivo
16,1,0.5657347440719604,Lateralised repetition priming for featurally and configurally manipulated familiar faces: evidence for differentially lateralised processing mechanisms.
17,0,0.991633415222168,Arteriovenous Aneurysm of Phrenic Vessels Simulating Cardiac Fistula
18,0,0.9997721314430237,Designing and Testing an Improved Packaging for Large Hollow Chocolate Bunnies.
19,0,0.943220853805542,Usage and Origin of Expletives in British English
20,1,0.9985951781272888,When endogenous spatial attention improves conscious perception: Effects of alerting and bottom-up activation
21,0,0.9795655012130737,16. The fraction of cancer attributable to lifestyle and environmental factors in the UK in 2010
22,0,0.9984269142150879,The Case of the Burly Wee Man
23,1,0.9511939287185669,The ethnobiology of the Haitian zombi.
24,0,0.9983443021774292,Rescue of IL-1β-induced reduction of human neurogenesis by omega-3 fatty acids and antidepressants
25,0,0.9998192191123962,Determining the Smallest Migratory Bird Native to Britain Able to Carry a Coconut.
26,0,0.9675947427749634,Electrophysiological Evidence for the Continuous Processing of Linguistic Categories of Regular and Irregular Verb Inflection in German
27,0,0.9998575448989868,Patterns of Use of Alcohol Cannabis and Tobacco in a Student Population
28,0,0.999885082244873,Emerging Research Directions in Adult Congenital Heart Disease: A Report From an NHLBI/ACHA Working Group.
29,1,0.9998088479042053,Coral larvae move toward reef sounds.
30,1,0.9999860525131226,"Please, sir, pull down your socks!"
31,0,0.9917089343070984,Upstream migration mechanisms of juvenile temperate sea bass Lateolabrax japonicus in the stratified Yura River estuary
32,1,0.9991865754127502,Transition by head-on collision: mechanically mediated manoeuvres in cockroaches and small robots.
33,1,0.9644476175308228,"Conceptual Flexibility in the Human Brain: Dynamic Recruitment of Semantic Maps from Visual, Motor, and Motion-related Areas"
34,0,0.9995538592338562,Working for a Dustbath: Are Hens Increasing Pleasure Rather than Reducing Suffering?
35,1,0.9995635151863098,Kairomones and their use for management of entomophagous insects. IV. Effect of kairomones on productivity and longevity ofTrichogmmma pretiosum riley (Hymenoptera: Trichogrammatidae)
36,1,0.9239205121994019,Estimation of urine specific gravy using dipstick
37,0,0.8362187743186951,The substrate specificity of uptake2 in the rat heart
38,0,0.8665727376937866,Vegetative response of Arctostaphylos uva-ursi to experimental cutting and burning
39,1,0.9997072815895081,"Attention, automaticity, and awareness in synesthesia."
40,1,0.9906531572341919,Word and object recognition during reading acquisition: MEG evidence
41,0,0.999327540397644,Comparison of air tonometry with gastric tonometry using saline and other equilibrating fluids: an in vivo and in vitro study
42,0,0.8723410964012146,Are Consonant Intervals Music to Their Ears? Spontaneous Acoustic Preferences in a Nonhuman Primate.
43,0,0.9887487888336182,Switching to second-line antiretroviral therapy in resource-limited settings: comparison of programmes with and without viral load monitoring.
44,0,0.9998291730880737,"Capsule Commentary on Radin, Pitfalls in Hemoglobin A1c Measurement: When Results May Be Misleading"
45,1,0.9997969269752502,Two-dimensional Atomic Crystals
46,1,0.9996345043182373,Color appearance: neutral surrounds and spatial contrast
47,0,0.9998090863227844,"Observing the what and when of language production for different age groups by monitoring speakers"" eye movements"
48,1,0.9992095232009888,Familial Sinistrals Avoid Exact Numbers
49,1,0.9993025064468384,Consciousness: a unique way of processing information
50,1,0.9998892545700073,Hermaphroditism: What's not to like?
51,0,0.709143340587616,"Analysis of Acoustic of ""OM"" Chant to Study It's Effect on Nervous System."
52,0,0.9992963075637817,Modulation of Postsynaptic Responses of Nociceptor-Activated Neurons of the Cat Somatosensory Cortex by Stimulation of the Substantia Nigra
53,1,0.9993728995323181,Are snakes right-handed ? Asymmetry in hemipenis size and usage in gartersnakes (Thamnophis sirtalis)
54,1,0.9992839694023132,The Setback of Renal Denervation Should Not Backfire on Sympathetic Overactivity in Hypertension
55,0,0.5059100985527039,Functional gallbladder and sphincter of oddi disorders.
56,1,0.9991704225540161,"Can parents detect 8- to 16-year-olds' lies? Parental biases, confidence, and accuracy."
57,0,0.983183741569519,"Distribution and some traits of biology of Lycodes tanakae (Perciformes: Zoarcidae) in Primor""e waters (Sea of Japan)"
58,1,0.9994623064994812,Reply: Is the instantaneous wave-free ratio equivalent to fractional flow reserve?
59,1,0.9998788833618164,The L/M-opponent channel provides a distinct and time-dependent contribution towards visual recognition.
60,1,0.989920973777771,Characteristics of the motor and genital copulatory responses of the male hamster.
61,0,0.9809362888336182,Evolution of human music through sexual selection
62,1,0.9995573163032532,Biventricular pacing decreases sympathetic activity compared with right ventricular pacing in patients with depressed ejection fraction.
63,0,0.9957246780395508,Nonconscious activation of an elderly stereotype and speed of driving.
64,0,0.8625454306602478,Rectal foreign bodies: case reports and a comprehensive review of the world's literature
65,0,0.9315342903137207,Parahippocampal Activation during Successful Recognition of Words: A Self-Paced Event-Related fMRI Study
66,0,0.9997579455375671,Use of the Analysis of the Volatile Faecal Metabolome in Screening for Colorectal Cancer.
67,1,0.9015523195266724,The highest-ranking rooster has priority to announce the break of dawn
68,1,0.983037531375885,Autistic adults show preserved normalisation of sensory responses in gaze processing
69,1,0.9904937148094177,Slowness as a Proxy for Temporal Predictability: An Empirical Comparison
70,1,0.7223469614982605,"The ""drinking-buddy"" scale as a measure of para-social behavior."
71,1,0.6954204440116882,Remote Guidance of Untrained Turtles by Controlling Voluntary Instinct Behavior
72,1,0.6920305490493774,"Rumination: One Construct, Many Features in Healthy Individuals, Depressed Individuals, and Individuals with Lupus"
73,1,0.9999659061431885,Very Happy People
74,1,0.9996718168258667,Faces and Behinds: Chimpanzee Sex Perception
75,1,0.9682129621505737,Long-term follow-up of laser trabeculoplasty
76,1,0.9996886253356934,The Mechanics of Large Bubbles Rising Through Liquids and Through Liquids in Tubes.
77,1,0.9996793270111084,The Dead Baby Joke Cycle.
78,0,0.9989129304885864,Studies on the phagocytic activity of the reticuloendothelial system (RES) to rough and smoothEscherichia coli in young conventional and germfree guinea pigs
79,0,0.998873770236969,Potential U.S. Population Impact of the 2017 ACC/AHA High Blood Pressure Guideline.
80,1,0.9999299049377441,Mathematicians talk tough to new barbie
81,0,0.9998084902763367,Transfer of cyanobacterial carbon to a higher trophic-level fish community in a eutrophic lake food web: fatty acid and stable isotope analyses
82,0,0.9925991296768188,Effects of cocaine on honey bee dance behavior
83,0,0.9993246793746948,Mitigating Carnivore-Livestock Conflict in Europe: Lessons from Slovakia
84,0,0.9903683662414551,Construction of Age Model for the Evaluation of Swallowing Function Using Photo Sensors
85,1,0.9949923157691956,Digit Ratio (2D:4D) and Performance in Male Surfers
86,0,0.9783191084861755,Comparison microscope identification of a cheese bitemark: a case report.
87,0,0.9999151229858398,"Stool Substitute Transplant Therapy for the Eradication of Clostridium difficile Infection: ""RePOOPulating"" the Gut"
88,0,0.993165910243988,"He Dies, He Scores: Evidence That Reminders of Death Motivate Improved Performance in Basketball"
89,1,0.9910455346107483,"Dopamine is differentially involved in the locomotor hyperactivity produced by manipulations of opioid, GABA and glutamate receptors in the median raphe nucleus"
90,1,0.8587378263473511,Long-tailed Macaques Use Human Hair as Dental Floss
91,1,0.9992608428001404,Postinflammatory mitral and aortic valve prolapse: a clinical and pathological study.
92,1,0.9562708735466003,Serotonin and Aggressive Motivation in Crustaceans: Altering the Decision to Retreat
93,0,0.999859094619751,Homicide attempt with a Japanese samurai sword.
94,1,0.6070093512535095,Phase II of the Albany HTS Cable Project
95,1,0.6584698557853699,Transient electro-oculogram impairment in unilateral acute idiopathic maculopathy
96,1,0.9252296090126038,Endoscopic evaluation of the effect of sucralfate therapy and other clinical parameters on the recurrence rate of gastric ulcers
97,1,0.9896999597549438,Neural correlates of autobiographical memory retrieval in children and adults.
98,0,0.805673360824585,Beet pulp intake and hairball faecal excretion in mixed-breed shorthaired cats.
99,1,0.9849153757095337,nNOS-Expressing Neurons in the Ventral Tegmental Area and Substantia Nigra Pars Compacta
100,1,0.9982176423072815,Genre Categorization and Its Effect on Preference for Fiction Books.
101,1,0.9913517236709595,Beating the Fruit Machine: Systems and Ploys Both Legal and Illegal.
102,0,0.9994012117385864,Cultural Evolution as a Possible Triggering or Causative Factor of Common Baldness.
103,0,0.9994682669639587,Getting neural circuits into shape with semaphorins
104,0,0.9966024160385132,Eye position and memory saccade related responses in substantia nigra pars reticulata
105,1,0.9990131855010986,The complexities of identifying the modern typewriter.
106,1,0.9999234676361084,Can People Distinguish Pate From Dog Food?
107,1,0.9997492432594299,Marine Ecology: Gelatinous Bells May Ring Change in Marine Ecosystems
108,0,0.9982230067253113,Comparison of peripheral venous and arterial blood gas analyses
109,1,0.9997195601463318,You Bastard: A Narrative Exploration of the Experience of Indignation within Organizations
110,1,0.8067879676818848,Magnetic Resonance Imaging of Male and Female Genitals during Coitus and Female Sexual Arousal
111,0,0.9997312426567078,Insights into the biochemical and genetic basis of glucokinase activation from naturally occurring hypoglycemia mutations.
112,1,0.9991971850395203,Nonpolitical Images Evoke Neural Predictors of Political Ideology
113,1,0.9709776639938354,Identification of the characteristics that drive consumer liking of butter.
114,0,0.9012553095817566,PlA polymorphism of platelet glycoprotein IIIa and risk of restenosis after coronary stent placement.
115,0,0.9991631507873535,"Molecular Evidence for a Diverse Green Algal Community Growing in the Hair of Sloths and a Specific Association with Trichophilus welckeri (Chlorophyta, Ulvophyceae)"
116,0,0.9966986775398254,"A comparison of the Shwachman, Chrispin-Norman and Brasfield methods for scoring of chest radiographs of patients with cystic fibrosis"
117,1,0.9998607635498047,You Can't Think and Hit at the Same Time: Neural Correlates of Baseball Pitch Classification
118,1,0.9998303651809692,Configurational factors in the perception of unfamiliar faces.
119,1,0.9999035596847534,Beauty is in the eye of the beer holder': people who think they are drunk also think they are attractive.
120,1,0.9992842078208923,Alphabet Poems: A Brief History
121,1,0.9978680610656738,Long-term aversive taste memory requires insular and amygdala protein degradation
122,1,0.9999496936798096,Do rats have orgasms?
123,1,0.9993636012077332,The Role of Intra-Oral Manipulation on the Perception of Sensory Attributes.
124,0,0.9986170530319214,Use of Hands and Feet of Two-toed Sloths (Choloepus hoffmanni) during Climbing and Terrestrial Locomotion
125,0,0.9939857125282288,Swearing as a Response to Pain - Effect of Daily Swearing Frequency
126,0,0.9997914433479309,A Compact and Low-Profile Loop Antenna With Multiband Operation for Ultra-Thin Smartphones
127,0,0.9987102746963501,"Intoxication with bourbon versus vodka: effects on hangover, sleep, and next-day neurocognitive performance in young adults."
128,1,0.9997621178627014,How the Brain Responds to the Destruction of Money.
129,0,0.9197735786437988,Effects of Blood Glutamate Scavenging on Cortical Evoked Potentials
130,0,0.9998300075531006,Safety of performing fiberoptic bronchoscopy in critically ill hypoxemic patients with acute respiratory failure
131,0,0.9999123811721802,Familial combined cellular and humoral immune defect with multisystem granulomata.
132,1,0.9996538162231445,Reply: Considerations When Evaluating Cost-Effectiveness Analyses of Novel Stroke Prevention Therapies.
133,1,0.9999427795410156,I say a little prayer for you: praying for partner increases commitment in romantic relationships.
134,1,0.9192136526107788,Analysis of Chewing Sounds for Dietary Monitoring.
135,1,0.9580797553062439,Bunch by Bunch Intensity Monitor for Fermilab Main Ring
136,0,0.999607503414154,Novel locus-specific primers for major histocompatibility complex class II alleles from glass frogs developed via genome walking
137,0,0.9998821020126343,Saliva from cheese bite yields DNA profile of burglar: a case report.
138,0,0.9995958209037781,Adaptive inter-population differences in blue tit life-history traits on Corsica
139,1,0.9863631129264832,SpeechJammer: A System Utilizing Artificial Speech Disturbance with Delayed Auditory Feedback
140,0,0.998992383480072,Efficacy of Complex Antioxidant Energy Correction of Different Durations in the Treatment of Cerebral Infarction (results of a multicenter randomized study)
141,0,0.9982156753540039,"Selective behaviour of a tench, Tinca tinca (L.), stock in different lightsubstrate combined conditions"
142,1,0.9624660015106201,The significance of nucleus raphe dorsalis and centralis for thermoafferent signal transmission to the preoptic area of the rat
143,0,0.9984710812568665,"Littoral epilithon of lentic water bodies at Hope Bay, Antarctic Peninsula: biomass variables in relation to environmental conditions"
144,1,0.9577460289001465,ASIC-based acoustic echo-canceller board for VME bus
145,0,0.9986571073532104,Convective Heat Transfer From a Nude Body Under Calm Conditions: Assessment of the Effects of Walking With a Thermal Manikin
146,0,0.9993582367897034,"The role of personality traits in Facebook and Internet addictions: A study on Polish, Turkish, and Ukrainian samples"
147,0,0.9991934895515442,The Benslimane's Artistic Model for Leg Beauty.
148,0,0.999860405921936,"Left ventricular dysfunction, natriuretic peptides, and mortality in an urban population."
149,0,0.9544036984443665,Changes of leaf water potential and gas exchange during and after drought in triticale and maize genotypes differing in drought tolerance
150,1,0.9990890026092529,Orthopteran DCMD Neuron: A Reevaluation of Responses to Moving Objects.
151,1,0.9987888932228088,Nitrification in Dutch heathland soils
152,1,0.9664356112480164,Suicide by Jumping From a Bridge.
153,1,0.9101320505142212,Factors Associated with Penile Amputation in Thailand
154,1,0.996109664440155,Attachment-style differences in the ability to suppress negative thoughts: Exploring the neural correlates
155,1,0.9962867498397827,Pavlovian conditioning of immune function: animal investigation and the challenge of human application
156,1,0.9896219968795776,"Differing relationship outcomes when sex happens before, on, or after first dates."
157,1,0.9989830851554871,"Ammonia, Like K+, Stimulates the Na+, K+, 2 Cl Cotransporter NKCC1 and the Na+,K+-ATPase and Interacts with Endogenous Ouabain in Astrocytes"
158,1,0.87006676197052,A static contact angle algorithm and its application to hydrophobicity measurement in silicone rubber corona aging test
159,1,0.9977322816848755,Quantitative ultrasound and fracture risk prediction in non-osteoporotic men and women as defined by WHO criteria
160,0,0.9998584985733032,Vitamin D Deficiency Contributed to Mozart's Death
161,1,0.9931994080543518,Acute management of the zipper-entrapped penis.
162,1,0.9981181621551514,Complications in laparoscopic adrenalectomy: the value of experience
163,0,0.9658563137054443,Iron Metabolism in Hodgkin's Disease
164,0,0.9938499927520752,Neural correlates of interspecies perspective taking in the post-mortem Atlantic Salmon: An argument for multiple comparisons correction
165,0,0.5606340169906616,Caval Valve Implantation for Treatment of Severe Tricuspid Regurgitation.
166,1,0.9994083642959595,Oscillations of Heart Rate and Respiration Synchronize During Poetry Recitation.
167,0,0.9519879221916199,Keratinophilic fungi on sheep hairs from the West Bank of Jordan
168,1,0.9994505047798157,Sausage Asphyxia
169,1,0.9992918968200684,Spatial refuges and associational defenses promote harmful blooms of the alga Caulerpa sertularioides onto coral reefs
170,0,0.9980009198188782,The Difficult Issue of Age Assessment on Pedo-pornographic Material
171,1,0.7934756875038147,Single and multiple resistance QTL delay symptom appearance and slow down root colonization by Aphanomyces euteiches in pea near isogenic lines
172,0,0.9984276294708252,Defining diastolic heart failure.
173,1,0.9990944862365723,Pneumatic reduction of intussusception using carbon dioxide
174,0,0.9996582269668579,A Rare and Life-Threatening Complication of Infective Endocarditis: Pseudoaneurysm of the Mitral - Aortic Intervalvular Fibrosa.
175,0,0.9918580651283264,Pattern formation in a mean field model of electrocortical activity
176,1,0.9995941519737244,The Effect of Wok Size and Handle Angle on the Maximum Acceptable Weights of Wok Flipping by Male Cooks
177,0,0.936707615852356,Development and validation of a histological index for UC.
178,1,0.9986647367477417,Accelerated uptake of VWF/platelet complexes in macrophages contributes to VWD type 2B-associated thrombocytopenia.
179,1,0.9981877207756042,Characterization of the key aroma compounds in beef and pork vegetable gravies a la chef by application of the aroma extract dilution analysis.
180,0,0.6740804314613342,Soft-Switching Bidirectional DC/DC Converter with a LC Series Resonant Circuit
181,0,0.9998623132705688,Neglected Food Bubbles: The Espresso Coffee Foam.
182,1,0.9160081744194031,Six Inches from the Presidency: The Gary Hart Jokes as Public Opinion.
183,0,0.9997050166130066,Genetic linkage maps of two apricot cultivars (Prunus armeniaca L.) compared with the almond Texas × peach Earlygold reference map for Prunus
184,0,0.9993663430213928,"Explanation of the ""virtual input"" phenomenon"
185,1,0.9992738366127014,"Psychology and ""the Babe"""
186,0,0.9997909665107727,Removal of a long PVC pipe strangulated in the penis by hot-melt method.
187,0,0.9543724060058594,Effect of Different Types of Textiles on Sexual Activity. Experimental study
188,1,0.999032735824585,A Woodpecker Hammer.
189,1,0.8340610861778259,The visual perception of three-dimensional shape from self-motion and object-motion
190,0,0.9998199343681335,A detailed anatomical and mathematical model of the hippocampal formation for the generation of sharp-wave ripples and theta-nested gamma oscillations
191,1,0.9972327351570129,Radio-frequency thermal ablation with hypertonic saline solution injection of the lung: ex vivo and in vivo feasibility studies
192,1,0.9999749660491943,Let me tell you about bedpans
193,1,0.999667763710022,Knives and Gaffs: Definitions in the Deviant World of Cockfighting.
194,0,0.9997598528862,"Acute myocardial infarction due to spontaneous, localized, acute dissection of the sinus of Valsalva detected by intravascular ultrasound and electrocardiogram-gated computed tomography"
195,0,0.9979717135429382,Role of Conditioning and Verbal Suggestion in Placebo and Nocebo Effects on Itch
196,1,0.9333047270774841,The Sexual Unification of Germany.
197,0,0.6691049933433533,Enhancing white lupin (Lupinus albus L.) adaptation to calcareous soils through selection of lime-tolerant plant germplasm and Bradyrhizobium strains
198,1,0.9995107650756836,Just Noticeable Difference Estimation for Images With Free-Energy Principle
199,1,0.9993871450424194,P 227. Ultramicroscopy (UM) in neurobiology
200,1,0.9952003955841064,Molecular interactions between zoledronic acid and bone: An in vitro Raman microspectroscopic study.
201,1,0.9976603984832764,Narcissism is a Bad Sign: CEO Signature Size Investment and Performance
202,1,0.9994018077850342,Bust Size and Hitchhiking: A Field Study.
203,1,0.999115526676178,Propranolol Degrades Memory Reconsolidation in Conditions of Single and Multiple Combinations of Tones with Pain
204,1,0.9199075102806091,The correlates of subjective perception of identity and expression in the face network: An fMRI adaptation study
205,1,0.8916093111038208,On the convergence of time interval moments: caveat sciscitator
206,0,0.9997958540916443,Molecular characterization of a powdery mildew resistance gene in wheat cultivar suwon 92.
207,1,0.9983924031257629,Striatal influences on paravermal cerebellar activity
208,0,0.9996840953826904,Need for Power and Affective Response to Negative Audience Reaction to an Extemporaneous Speech.
209,1,0.9998476505279541,Want to block earworms from conscious awareness? B(u)y gum!
210,1,0.9996324777603149,Acute right ventricular dilatation in response to ischemia significantly impairs left ventricular systolic performance.
211,1,0.999755322933197,Roller Disco Neuropathy.
212,0,0.9997164607048035,"A Perceptual Study of Robot Design in the Japanese Robot Anime Series, ""Mobile Suit Gundam"""
213,0,0.9998617172241211,Effects of Subliminally Presented Auditory Suggestions of Itching on Scratching Behavior
214,1,0.9998103976249695,Highly Linear Power Tracking Doherty Amplifierfor WCDMA Repeater Applications
215,0,0.9997759461402893,Teaching About Genetics and Sickle Cell Disease In Fifth Grade.
216,0,0.9974356293678284,he central role of the nose in the face and the psyche: review of the nose and the psyche
217,0,0.9623242020606995,Antagonism of V1b receptors promotes maternal motivation to retrieve pups in the MPOA and impairs pup-directed behavior during maternal defense in the mpBNST of lactating rats
218,0,0.9997933506965637,Bounds on Algorithm-Based Fault Tolerance in Multiple Processor Systems
219,0,0.9996384382247925,An Epidemiological Study of Headache Among the Monks of Athos (Greece).
220,0,0.9996486902236938,International Study of Health Care Organization and Financing of renal services in England and Wales
221,1,0.9993877410888672,Benzodiazepine overtreatment in status epilepticus is related to higher need of intubation and longer hospitalization.
222,0,0.9241840839385986,A Narrow Waist Versus Broad Shoulders: Sex and Age Differences in the Jealousy-Evoking Characteristics of a Rival's Body Build.
223,0,0.9898214340209961,Beer classification by means of a potentiometric electronic tongue.
224,1,0.8319758772850037,Frontal-Brainstem Pathways Mediating Placebo Effects on Social Rejection
225,0,0.9986506104469299,Phenylthiocarbamide (PTC) perception in ultra-high risk for psychosis participants who develop schizophrenia: Testing the evidence for an endophenotypic marker
226,1,0.5201410055160522,Hepatic targeting and biodistribution of human fetal liver stem/progenitor cells and adult hepatocytes in mice.
227,0,0.9781825542449951,Children and mini-magnets: an almost fatal attraction
228,0,0.9987773299217224,Colonic Gas Explosion During Therapeutic Colonoscopy with Electrocautery
229,1,0.9992337226867676,Antiretroviral treatment roll-out in a resource-constrained setting: capitalizing on nursing resources in Botswana.
230,1,0.9974333643913269,Carrier aggregation for LTE-advanced: uplink multiple access and transmission enhancement features
231,1,0.9999616146087646,PolyP's many faces.
232,0,0.9997068047523499,Sinus bradycardia associated with cyclosporine following allogeneic hematopoietic stem cell transplantation
233,0,0.9997758269309998,"Laboratory tests for controlling poultry red mites (Dermanyssus gallinae) with predatory mites in small 'laying hen"" cages"
234,0,0.9256856441497803,Prophylactic treatment of jellyfish stings--a randomised trial.
235,1,0.9963327646255493,Eye position signals in human saccadic processing
236,1,0.9998929500579834,Basalzellkarzinom oder Morbus Bowen
237,0,0.9997681975364685,Optimizing of thienopyridine therapy by multiple electrode platelet aggregometry in clopidogrel low responders undergoing PCI
238,0,0.9997835755348206,"Blood vitamin C levels of motorized tricycle drivers in Paranaque, Philippines."
239,0,0.9998998641967773,Evaluating Ascorbate Oxidase as a Plant Defense Against Leaf-Chewing Insects Using Transgenic Poplar
240,1,0.5117388367652893,Getting to the Root of Fine Motor Skill Performance in Dentistry: Brain Activity During Dental Tasks in a Virtual Reality Haptic Simulation
241,0,0.9998608827590942,Randomized Controlled Trial of Music During Kangaroo Care on Maternal State Anxiety and Preterm Infants
242,1,0.9884507656097412,"Psechrus kunmingensis: description of male and supplementary description of female, with discussion on intraspecific variation (Araneae, Psechridae,Psechrus)"
243,1,0.9995313882827759,"Antipodean Automobility and Crash: Treachery, Trespass and Transformation of the Open Road."
244,0,0.9868971705436707,Behavioural analysis and susceptibility to CNS injury of four inbred strains of mice
245,1,0.9997689127922058,Die neuen Heilverfahren der DGUV: Aus Sicht der BG Kliniken
246,1,0.9987607002258301,"Time domain measures of inter-channel EEG correlations: a comparison of linear, nonparametric and nonlinear measures"
247,0,0.5348706841468811,Laser microdissection of immunolabeled astrocytes allows quantification of astrocytic gene expression
248,0,0.9988079071044922,Association between dorsolateral prefrontal N-acetyl aspartate and depression in chronic back pain: an in vivo proton magnetic resonance spectroscopy study
249,0,0.9997684359550476,Becoming a vampire without being bitten: the narrative collective-assimilation hypothesis.
250,0,0.9987932443618774,Disrupted modular brain dynamics reflect cognitive dysfunction in Alzheimer's disease
251,0,0.9998893737792969,Essay on Messages Found in Bottles
252,0,0.9998818635940552,Unusual presentation of Bouveret's syndrome
253,0,0.999376118183136,Leaf spot of loquat (Eriobotrya japonica) caused by Pseudocercospora eriobotryae in Brazil
254,0,0.9636070728302002,Similar mechanisms of traumatic rectal injuries in patients who had anal sex with animals to those who were butt-fisted by human sexual partner
255,1,0.9999548196792603,"Frankly, We Do Give a Damn: The Relationship Between Profanity and Honesty"
256,1,0.9999299049377441,Disco Deafness.
257,0,0.9998519420623779,Long-term follow-up of patients with hairy cell leukemia after treatment with 2'-deoxycoformycin.
258,0,0.9996359348297119,"Colonoscopy in the Sitting Position: Lessons Learned From Self-Colonoscopy by Using a Small-Caliber, Variable-Stiffness Colonoscope"
259,1,0.9986801743507385,Orbicules in Flowering Plants: A Phylogenetic Perspective on their Form and Function
260,0,0.9983103275299072,Impaired response selection in schizophrenia: evidence from the P3 wave and the lateralized readiness potential.
261,0,0.9995256662368774,Administration of low-dose interleukin-2 plus G-CSF/EPO early after autologous PBSC transplantation: effects on immune recovery and NK activity in a prospective study in women with breast and ovarian cancer
262,1,0.9996660947799683,Beware of the flaming hairball--a brief review and warning.
263,0,0.5726655721664429,"Quantification of pizza baking properties of different cheeses, and their correlation with cheese functionality."
264,1,0.999823272228241,The face of schadenfreude: Differentiation of joy and schadenfreude by electromyography.
265,0,0.9996620416641235,"The Demise of ""Yes"": An Informal Look"
266,1,0.9969526529312134,Ping-Pong-Ball Indentation of the Skull Without Fracture.
267,0,0.9928075075149536,EPSPs Measured in Proximal Dendritic Spines of Cortical Pyramidal Neurons123
268,1,0.6350547075271606,Contributions of dorsal root reflex and axonal reflex to formalin-induced inflammation
269,1,0.9998594522476196,Reversal of Canities
270,0,0.9899449944496155,The Roller Discotheque: A Quickstep to the Hospital? An Analysis of 196 Accidents.
271,1,0.9969347715377808,Multi-method Personality Assessment of Butchers and Hunters: Beliefs and Reality
272,1,0.9964756369590759,Cheiloscopy: The Study of Lip Prints in Sex Identification
273,1,0.9996850490570068,Visually suboptimal bananas: How ripeness affects consumer expectation and perception.
274,1,0.6918101906776428,Power and Time Allocation Between Multiple Channels in Cognitive Radio Networks
275,1,0.9973836541175842,Lubrication of chocolate during oral processing.
276,1,0.9977788329124451,"Optimal Wavelet Selection For Analyzing Sanskrit Divine Sound ""OM""."
277,0,0.999583899974823,A Preliminary Survey of Rhinotillexomania in an Adolescent Sample for their probing medical discovery that nose picking is a common activity among adolescents.
278,1,0.9993125200271606,Quacking: A Sound Produced by Worker Honeybees After Exposure to Carbon Dioxide.
279,1,0.999079704284668,How High Can a Dead Cat Bounce?: Metaphor and the Hong Kong Stock Market
280,1,0.9962360262870789,Anesthesia for Electroconvulsive Therapy: Time for a Review?
281,1,0.9989859461784363,Sexuality leads to boosts in mood and meaning in life with no evidence for the reverse direction: A daily diary investigation.
282,0,0.9189082980155945,Juggling the Books: The Use of Accounting Information in Circus in Australia
283,0,0.9996472597122192,Effects of Temperature on the Spike Activity of Cortical Neurons in Guinea Pigs
284,1,0.9998513460159302,Ocular lawnmower injuries
285,0,0.9993128776550293,A Luminary in the Problem Gambling Field: Mark Griffiths.
286,1,0.7221333980560303,The Personality of Vegetables: Botanical Metaphors for Human Characteristics
287,1,0.9926415085792542,Measurement of OEF and absolute CMRO: MRI-based methods using interleaved and combined hypercapnia and hyperoxia
288,0,0.9954094290733337,Production of interferon-β by fibroblast cells on membranes prepared by extracellular matrix proteins
289,1,0.9423550367355347,Serotonergic Stimulation of Prolactin Release in the Young Turkey (Meleagris gallopavo)
290,1,0.9901352524757385,Ultrasound-guided breast biopsy for surgical residents: evaluation of a phantom model.
291,1,0.9918368458747864,Anatomy of a bathtub vortex.
292,1,0.5981612205505371,Review on bronchopleural fistula: did a surgeon review it?
293,1,0.9976859092712402,The Role of Aldosterone in Pulmonary Venous Hypertension. Authors' reply
294,1,0.9972731471061707,Polysynaptic pathways from the vestibular nuclei to the lateral mammillary nucleus of the rat: substrates for vestibular input to head direction cells
295,0,0.9994543194770813,Effect of Ale Garlic and Soured Cream on the Appetite of Leeches.
296,0,0.9510883688926697,Methods and management of the healthy brain study: a large multisite qualitative research project.
297,0,0.9720085859298706,Proliferating principles; or how to sup with the devil without getting eaten
298,0,0.6158743500709534,Taste Preference for Brussels Sprouts: An Informal Look
299,0,0.8695350289344788,Functional organisation of the saccadic reference system processing extraretinal signals in humans
300,1,0.9817925095558167,The Role of Armadillos in the Movement of Archaeological Materials: An Experimental Approach
301,1,0.9983983635902405,Complex continuous wavelet coherence for EEG microstates detection in insight and calm meditation
302,0,0.9992819428443909,Real conversations with artificial intelligence: A comparison between human-human online conversations and human-chatbot conversations
303,1,0.9683846831321716,Evaluation of Alternative Measures of Pork Carcass Composition
304,1,0.9882100820541382,Bees in Court: History of the Celebrated Case of Peach Utter versus Bee-Keeper Utter.
305,0,0.9739248156547546,Witch nose: an embarassing metaphor for nasal tip dermoid cysts
306,1,0.9994856119155884,Multiple gain control processes in contrastcontrast phenomena
307,0,0.9994027614593506,Rapid nonapeptide synthesis during a critical period of development in the prairie vole: plasticity of the paraventricular nucleus of the hypothalamus
308,1,0.9995259046554565,Acute coronary events.
309,0,0.9994660019874573,Unusual neurological complications following tetanus toxoid administration
310,0,0.9998890161514282,Undercover as Sex Workers: The Attitudes and Experiences of Female Vice Officers
311,0,0.9995890259742737,Metabolic consequences of a 50% partial pancreatectomy in humans
312,1,0.9876366257667542,Specialist Ant-eating Spiders Selectively Feed on Different Body Parts to Balance Nutrient Intake
313,1,0.9969815611839294,Novel Types of Frontotemporal Lobar Degeneration: Beyond Tau and TDP-43
314,0,0.9528930187225342,Lentivirus-mediated overexpression of OTULIN ameliorates microglia activation and neuroinflammation by depressing the activation of the NF-κB signaling pathway in cerebral ischemia/reperfusion rats
315,1,0.9993295669555664,"Send me a memo on it; or better yet, don't"
316,1,0.9997054934501648,The young and the clueless
317,0,0.9997633099555969,A stimulator for laboratory studies of motion sickness in cats
318,0,0.9873251914978027,Self-Recognition Mechanism between Skin and Suckers Prevents Octopus Arms from Interfering with Each Other
319,0,0.993953287601471,Drinking grandma: the problem of embalming
320,1,0.9962121248245239,The neural circuits for arithmetic principles
321,0,0.9996880292892456,Alteration of the platelet serotonin transporter in romantic love
322,0,0.8237669467926025,A Statistical Association Between Liberal Body Hair Growth and Intelligence.
323,0,0.9995179176330566,Effect of shoe type on descending a curb
324,1,0.9919813275337219,Physical and situational inequality on airplanes predicts air rage
325,1,0.9983928799629211,Nest sanitation through defecation: antifungal properties of wood cockroach feces.
326,1,0.9997650980949402,Laughing'' rats and the evolutionary antecedents of human joy?
327,0,0.9998037219047546,Spontaneous Knotting of an Agitated String
328,0,0.9998953342437744,Spatial Patterning of Vulture Scavenged Human Remains
329,0,0.9997619986534119,Placing Food Color Experimentation into a Valid Consumer Context.
330,0,0.9996581077575684,The role of indocyanine green angiography imaging in further differential diagnosis of patients with nAMD who are morphologically poor responders to ranibizumab in a real-life setting
331,1,0.9958617687225342,"Gamma band activity and the P3 reflect post-perceptual processes, not visual awareness"
332,0,0.599940836429596,Effects of the Handle Diameter and Tip Angle of Chopsticks on the Food-serving Performance of Male Subjects
333,0,0.8283147215843201,First year field growth of chemically root pruned containerized seedlings
334,0,0.9992287158966064,Cooperative localization for disconnected sensor networks and a mobile robot in friendly environments
335,1,0.9902417063713074,Breakdancing: a new risk factor for scarring hair loss
336,1,0.9870682954788208,Do features of Mozart's letter-writing style indicate the presence of a neuropsychiatric disorder? Controversies about the Basle letters
337,1,0.8734748363494873,Association Football on Mars.
338,1,0.9858238697052002,Tibolone Prevents Oxidation and Ameliorates Cholinergic Deficit Induced by Ozone Exposure in the Male Rat Hippocampus
339,1,0.9969712495803833,Effects of tone training on Cantonese tone-word learning.
340,1,0.9889034628868103,The Possibility of Unicorns and Modal Logic
341,1,0.9981903433799744,Hereditary somnambulism in Dracula
342,1,0.8746272921562195,"Contralateral Delay Activity Indexes Working Memory Storage, Not the Current Focus of Spatial Attention"
343,1,0.9986289739608765,Spherical torus-based video hashing for near-duplicate video detection
344,1,0.8757960200309753,Two subtypes of narcissistic personality disorder.
345,1,0.9998570680618286,Grafts for mesenterico-portal vein resections can be avoided during pancreatoduodenectomy.
346,1,0.9991724491119385,Cholecystectomy for Gallbladder Dyskinesia.
347,1,0.9996342658996582,Life Is Too Short to RTFM: How Users Relate to Documentation and Excess Features in Consumer Products
348,1,0.9993314743041992,The Information Sharing Statement Grows Some Teeth
349,0,0.9994598031044006,Sex Differences in Response to Relationship Threats in England and Romania
350,1,0.9992309808731079,The Cause and Treatment of Idiopathic Pruritus Ani.
351,1,0.8560341000556946,"Dissing oneself versus dissing rivals: Effects of status, personality, and sex on the short-term and long-term attractiveness of self-deprecating and other-deprecating humor"
352,1,0.9511858820915222,Not so luck of the Irish: four-leaf clover-shaped quadricusp aortic valve found around St. Patrick's day.
353,0,0.999942421913147,Comments on NCI Alert on node-negative breast cancer
354,0,0.9969751834869385,Neural correlates of perceptual difference between itching and pain: A human fMRI study
355,0,0.7750843167304993,The Safety of Pumpkin Carving Tools
356,0,0.9960544109344482,The Economic Impact of Basking in the Reflected Glory of a Super Bowl Victory.
357,1,0.9498972296714783,Cryopreservation of rooster sperm
358,0,0.8458941578865051,Executive impairment in Parkinson's disease: Response automaticity and task switching
359,0,0.9998737573623657,"Two new species of the Aenictus wroughtonii species group (Hymenoptera, Formicidae, Dorylinae) from Thailand"
360,0,0.571943998336792,Is a Sigh 'Just a Sigh'? Sighs as Emotional Signals and Responses to a Difficult Task
361,1,0.9946803450584412,Type IIB von Willebrand's disease: differential clearance of endogenous versus transfused large multimer von willebrand factor.
362,1,0.9997878670692444,Slash fiction and human mating psychology.
363,0,0.9995054006576538,In-Vivo Biomagnetic Characterisation of the American Cockroach
364,0,0.6689290404319763,"Vehicle-mounted net sampling of airborne micro-Heteroptera in western Liberia, West Africa: 1. Isometopinae (Miridae)."
365,1,0.7074310779571533,Memory and Addiction Shared Neural Circuitry and Molecular Mechanisms
366,1,0.9997348189353943,Safety first: the case against oral sodium phosphate.
367,0,0.9126835465431213,"Pelagic fish distribution and ontogenetic vertical migration in common mesopelagic species off Lützow-Holm Bay (Indian Ocean sector, Southern Ocean) during austral summer"
368,1,0.8442656993865967,The persistence of ripe fleshy fruits in the presence and absence of frugivores
369,0,0.9998747110366821,An ethicist's commentary on replacing confined pigs with dogs.
370,0,0.9904153347015381,"Effects of laughing, smiling, and howling on mood."
371,1,0.9985511898994446,Human-Human Reliance in the Context of Automation
372,0,0.8864916563034058,Investigation of the best suture pattern to close a stuffed Christmas turkey.
373,0,0.9998949766159058,Increased incidence of cytomegalovirus disease after autologous CD34-selected peripheral blood stem cell transplantation.
374,1,0.990312933921814,Bedside Ultrasound Can Predict Nonalcoholic Fatty Liver Disease in the Hands of Clinicians Using a Prototype Image
375,1,0.9999172687530518,"Technology: go ahead, make my DNA."
376,0,0.9997206330299377,Digit Radio and Faculty Membership: Implications for the Relationship between Prenatal Testosterone and Academia
377,0,0.9788941740989685,Another look at baseball player initials and longevity
378,0,0.9996280670166016,Mother-offspring recognition in the domestic cat: Kittens recognize their own mother's call.
379,0,0.999929666519165,Successful right coronary artery drug-eluting stent implantation in a male patient with situs inversus.
380,1,0.9092866778373718,"Juror Deliquency in Criminal Trials in America, 1796-1996"
381,0,0.9995545744895935,NAME prevents GM1 ganglioside-induced vasodilation in the rat brain
382,1,0.7632001042366028,Tunable Dual-Passband Microwave Photonic Filter Based on Stimulated Brillouin Scattering
383,1,0.9995294809341431,Visually Induced Inhibition of Return Affects the Integration of Auditory and Visual Information.
384,1,0.9986962676048279,Length Metrology of Complimentary Small Plastic Rulers.
385,1,0.9303766489028931,Using the 2nd and 4th Digit Ratio (2D:4D) to Sex Cave Art Hand Stencils: Factors to Consider
386,0,0.9999198913574219,A Partially Mummified Corpse with Pink Teeth and Pink Nails.
387,1,0.9997219443321228,Accuracy of screening mammography varies by week of menstrual cycle.
388,1,0.9999099969863892,Myenteric plexitis in enteric dysmotility: what are the implications for clinical practice?
389,1,0.9991182684898376,Who plays bingo in later life? The sedentary lifestyles of 'little old ladies'
390,0,0.9998457431793213,Adsorbents for extractive bioconversion applied to the acetone-butanol fermentation
391,0,0.9995951056480408,Response Behaviors of Svalbard Reindeer towards Humans and Humans Disguised as Polar Bears on Edgeoya
392,1,0.9986960291862488,Factors associated with the frequency of stool examination: effect on incidence of reported rectal bleeding.
393,1,0.9878365397453308,Limited resection for early esophageal cancer?
394,1,0.9999725818634033,Do Dogs Know Calculus?
395,1,0.6702030897140503,An Exceptionally Simple Theory of Everything
396,1,0.9902836680412292,Digit Ratio (2D:4D) Moderates the Impact of Sexual Cues on Men's Decisions in Ultimatum Games
397,1,0.9386336207389832,Ear Asymmetry in Telephone-Listening Behavior.
398,1,0.9991534948348999,The Case of Utter vs. Utter.
399,0,0.9995325803756714,"Multiple characteristics analysis of Alzheimer""s electroencephalogram by power spectral density and LempelZiv complexity"
400,0,0.9904906749725342,Importance of the duration of nephropathy prior to tonsillectomy and steroid pulse therapy in IgA nephropathy patients
401,0,0.9993001222610474,A noncholinergic action of acetylcholinesterase (AChE) in the brain: From neuronal secretion to the generation of movement
402,1,0.9908735752105713,Food-Associated Calling in Gorillas (Gorilla g. gorilla) in the Wild
403,0,0.9814209342002869,Relay Precoding for Non-Regenerative MIMO Relay Systems with Partial CSI Feedback
404,1,0.9996621608734131,The Functional and Neural Mechanism of Action Preparation: Roles of EBA and FFA in Voluntary Action Control
405,1,0.872177004814148,Illusory bending of a pursuit target
406,0,0.999775230884552,Effects of Exposure to a Mobile Phone on Sexual Behavior in Adult Male Rabbit: An Observational Study.
407,0,0.999863862991333,Comment on Atorvastatin Safety in Kawasaki Disease Patients with Coronary Artery Aneurysms
408,1,0.9966806769371033,The medical home: health care access and impact for children and youth in the United States.
409,0,0.9995396137237549,Brain monoaminergic and neuropeptidergic variations in human aging
410,0,0.5484081506729126,Tanner Stage 4 Breast Development in Adults: Forensic Implications
411,0,0.9998565912246704,Tight Pants Syndrome: A New Title for an Old Problem and Often Encountered Medical Problem
412,1,0.9958242177963257,Denim clothing reduces venom expenditure by rattlesnakes striking defensively at model human limbs.
413,1,0.9997393488883972,The Dyspeptic Disco Dancer.
414,0,0.9998747110366821,Altered self-identity and autobiographical memory in epilepsy.
415,1,0.9999305009841919,I'm Waiting for the Band: Protraction and Provocation at Rock Concerts.
416,1,0.992032527923584,"Men without a sense of smell exhibit a strongly reduced number of sexual relationships, women exhibit reduced partnership security - a reanalysis of previously published data."
417,1,0.9944041967391968,Baby Schema in Infant Faces Induces Cuteness Perception and Motivation for Caretaking in Adults.
418,1,0.9999719858169556,"Always more ""setrons"": How many do we need?"
419,1,0.999568521976471,Unrealistic Optimism in Internet Events.
420,1,0.9944526553153992,Exposure to the American flag polarizes democratic-republican ideologies.
421,0,0.9999152421951294,Comments on variability in contrast sensitivity methodology
422,0,0.8184928297996521,Postural responses explored through classical conditioning
423,0,0.9596251249313354,A mathematical model of sentimental dynamics accounting for marital dissolution.
424,0,0.9999282360076904,"Response to Letter to the Editor on ""Utility of Endoanal Ultrasonography in Assessment of Primary and Recurrent Anal Fistulas and for Detection of Associated Anal Sphincter Defects"""
425,1,0.9981305003166199,Commercial Features of Placebo and Therapeutic Efficacy
426,0,0.9989609718322754,Probability of love between robots and humans
427,0,0.8835189938545227,Association between duodenal bulb ulceration and reduced exocrine pancreatic function.
428,0,0.999921441078186,"Reflex Epilepsy Induced by Calculation Using a Soroban, a Japanese Traditional Calculator."
429,0,0.9998088479042053,Women's preferences for penis size: A new research method using selection among 3D models
430,0,0.9963453412055969,Sensory phenotype and risk factors for painful diabetic neuropathy: a cross-sectional observational study: Erratum.
431,1,0.9480605721473694,Alternation of Flex Cable Vibration Modes in High Precision Hard Disk Drives
432,1,0.9917218089103699,Endoscopic stent configuration and bile flow rates in a variable diameter bile duct model
433,1,0.9962849617004395,Information Concentration Along the Boundary Contours of Naturally Shaped Solid Objects.
434,0,0.9996709823608398,Assessment of Airborne Fine Particulate Matter and Particle Size Distribution in Settled Chalk Dust during Writing and Dusting Exercises in a Classroom
435,0,0.9988056421279907,Trolling in Asynchronous Computer-Mediated Communication: From User Discussions To Academic Definitions.
436,0,0.9996050000190735,"Interim Report: Results of the National Demonstration Project to Reduce Violent Crime and Improve Governmental Effectiveness In Washington, D.C"
437,0,0.9992300271987915,Completeness of cancer registration: a new method for routine use
438,0,0.9982206225395203,Encounter with reality: children's reactions on discovering the Santa Claus myth
439,0,0.9997557997703552,Ending batting slumps in baseball: a qualitative investigation
440,0,0.9927264451980591,Representation of Tactile Scenes in the Rodent Barrel Cortex
441,1,0.9929150342941284,Fast Convolution Filter-Bank Based Non-Orthogonal Multiplexed Cognitive Radio (NOMCR) Receiver Design Using Cyclostationarity Based FRESH Filtering
442,1,0.9925851225852966,"Efficient belief tracking in adults: The role of task instruction, low-level associative processes and dispositional social functioning"
443,1,0.9586082100868225,Tool-use-associated sound in the evolution of language
444,0,0.9996687173843384,Forecast frequency in rolling horizon hedging heuristics for capacity expansion
445,0,0.9993785619735718,Effects of a Selective Serotonin Reuptake Inhibitor on Urine Spraying Behavior in Cats
446,0,0.9987103939056396,Where words and space collide: The overlapping neural activation of lexical and sublexical reading with voluntary and reflexive spatial attention
447,1,0.9980489015579224,Anodal Transcranial Direct Current Stimulation (tDCS) Over the Motor Cortex Increases Sympathetic Nerve Activity
448,0,0.8586230278015137,Application of dynamic programming to control khuzestan water resources system
449,1,0.6778801679611206,"Pizza Consumption and the Risk of Breast, Ovarian and Prostate Cancer"
450,1,0.9999078512191772,Your Feet's Too Big: An Inquiry into Psychological and Symbolic Meanings of the Foot
451,1,0.9999289512634277,Knowledge Based Solution Strategies in Medical Reasoning
452,0,0.9702476859092712,Is the donut in front of the car? An electrophysiological study examining spatial reference frame processing.
453,0,0.9982054233551025,A functional ectopic vaginal anus: a rare clinical entity.
454,1,0.9985536932945251,Variation in Temporal Measures of Swallowing: Sex and Volume Effects
455,0,0.5542612671852112,Stimulatory Effects of Serotonin on Maturational Gonadotropin Release in the Atlantic Croaker Micropogonias undulatus
456,0,0.9998562335968018,Estimation of the Total Saliva Volume Produced Per Day in Five-Year-Old Children
457,1,0.999616265296936,Unexpected but Incidental Positive Outcomes Predict Real-World Gambling
458,0,0.9998652935028076,"Comment on 'Overprescribing of antibiotics by UK ophthalmologists"""
459,1,0.9998818635940552,How Smart Are the Smart Guys? A Unique View from Hedge Fund Stock Holdings.
460,0,0.9963384866714478,Cross-fostering in gray wolves (Canis lupus lupus).
461,0,0.7811103463172913,Effects of cadmium and nickel on in vivo carbon dioxide exchange rate of pigeon pea (Cajanus cajan L.)
462,0,0.9604841470718384,"Women's Derogatory Terms for Men: That's Right, ""Dirty"" Words"
463,0,0.9994832277297974,What marketers can learn from lap-dancers: A field study of ovulatory cycle effects on consumer behavior
464,0,0.9996954202651978,"Example of Potentiation of Genetic Traits Due to Inbreeding: The Habsburg Chin, Burgundian Lip, Spanish Insanity"
465,0,0.9998899698257446,Assessing pitcher and catcher influences on base stealing in Major League Baseball
466,1,0.9984942674636841,Limburger Cheese as an Attractant for the Malaria Mosquito Anopheles gambiae s.s.
467,1,0.998434841632843,Reactive eccrine syringofibroadenoma: an emerging subtype.
468,0,0.9998770952224731,Fight for Your Right to Party: An Exploratory Study of Queen's Homecoming Weekend and the Phenomenon of Student Celebratory Riots
469,1,0.9741358160972595,K+ currents fail to change in reactive retinal glial cells in a mouse model of glaucoma
470,0,0.999737560749054,"Design, Modeling, and Control of a Micromachined Nanopositioner With Integrated Electrothermal Actuation and Sensing"
471,1,0.9873944520950317,Hopping Frequency in Humans: A Test of How Springs Set Stride Frequency in Bouncing Gaits.
472,0,0.6278934478759766,The Possible Pain Experienced during Execution by Different Methods
473,1,0.9950743317604065,Outstanding Memories: The Positive and Negative Effects of Nudes on Memory.
474,1,0.9997697472572327,Choices from Identical Options.
475,0,0.9201855063438416,Child's Play: A Distorting Factor in Archaeological Distribution
476,0,0.9999067783355713,Flower and seed production in a series of flowerings from sporadic events before to after mass flowering of the dwarf bamboo Sasa veitchii var. hirsuta
477,1,0.988089382648468,Statistical and perceptual updating: correlated impairments in right brain injury
478,0,0.9906170964241028,Erratum to: Order of invasion affects the spatial distribution of a reciprocal intraguild predator
479,0,0.9989653825759888,Parental control and the dopamine D2 receptor gene (DRD2) interaction on emotional eating in adolescence
480,1,0.7976048588752747,"Alternative mating tactics in the gobiid fish,Eviota prasina"
481,1,0.999380350112915,"Transanal total mesorectal excision: dissection tips using 'O""s and 'triangles"""
482,0,0.9993801116943359,Comparison of minimally invasive and open colorectal resections for patients undergoing simultaneous R0 resection for liver metastases: a propensity score analysis
483,0,0.9997979998588562,Comparison of the results of satellite studies in participants of the mars-500 experiment in Syktyvkar and Almaty
484,0,0.6472089886665344,New MRI modalities for assessment of inflammatory bowel disease.
485,0,0.7694319486618042,Behavioral Adaptation of Pan troglodytes troglodytes
486,1,0.999699592590332,Doll Shoes: The Cause of Behavioural Problems?
487,0,0.9686391949653625,Sitting Height and Leg Length in Old Virginians
488,0,0.995307981967926,Unsupervised kernel least mean square algorithm for solving ordinary differential equations
489,0,0.9998394250869751,On the Sum Coloring Problem on Interval Graphs
490,1,0.998711109161377,Ultrasonic Velocity in Cheddar Cheese as Affected by Temperature
491,1,0.9950233697891235,"Carbon dioxide and ethanol release from champagne glasses, under standard tasting conditions."
492,0,0.7277247905731201,Opioidergic Regulation of P2X3 Receptor-Mediated Currents in DRG Neurons
493,0,0.9076505303382874,"The Salesman of the Century : Inventing, Marketing, and Selling on TV: How I Did It and How You Can Too!"
494,0,0.9980728626251221,Population-based screening for colorectal cancer with faecal occult blood test-do we really have enough evidence?
495,0,0.9995526671409607,Applying a free-water correction to diffusion imaging data uncovers stress-related neural pathology in depression
496,0,0.9997813105583191,Translation of the rat thoracic contusion model; part 1-supraspinally versus spinally mediated pain-like responses and spasticity
497,1,0.9997660517692566,Some Reflections on Brain and Mind.
498,1,0.8192733526229858,"Energy drink use and its relationship to masculinity, jock identity, and fraternity membership among men."
499,0,0.8845536708831787,Comparison of effective /spl alpha/ parameters for multiquantum-well electroabsorption modulators
500,1,0.6040458083152771,Observations during Itch-inducing Lecture
501,1,0.9931097030639648,The Palatability of Eggs and Birds: Mainly Based upon Observations of an Egg Panel.
502,0,0.9998307228088379,Turn-taking and Interruption in Political Interviews: Margaret Thatcher and Jim Callaghan Compared and Contrasted
503,0,0.9998286962509155,The interpretation of the figure of the prophet Jonah by Michelangelo on the ceiling of the Sistine Chapel: anatomical urological vision.
504,0,0.9998540878295898,Lower Myocardial Infarction Mortality in French Men the Day France Won the 1998 World Cup of Football.
505,1,0.9970270991325378,The Neural Correlate of Speech Rhythm as Evidenced by Metrical Speech Processing
506,0,0.9993475079536438,Reliability of the electrical perceptual threshold and Semmes-Weinstein monofilament tests of cutaneous sensibility
507,1,0.9982518553733826,"Tactile stimuli perceived by the antennae cause the isolated females to produce gregarious offspring in the desert locust, Schistocerca gregaria."
508,1,0.9715065956115723,"Point-of-care ultrasound in intensive care units: assessment of 1073 procedures in a multicentric, prospective, observational study"
509,0,0.9993972778320312,An EDGE/GSM Quad-Band CMOS Power Amplifier
510,1,0.9996606111526489,Pyramidisieren von Schorfresistenzen in der Apfelzüchtung
511,1,0.6632707715034485,Isoenzyme aided selection in the transfer of mildew (Podosphaera leucotricha) resistance fromMalus hupehensis to the cultivated apple
512,0,0.6668024063110352,Depiction of elderly and disabled people on road traffic signs: international comparison
513,0,0.9988173842430115,Supernumerary nipple presenting as a vulvar mass in an adolescent: case report and literature review.
514,1,0.9999068975448608,Calcium signalling: Calcium goes all the way
515,0,0.9998334646224976,"Characterization of human hybrid cell line, F2N78, through a comparison of culture performances and protein qualities"
516,1,0.9999030828475952,The Tie retraction syndrome.
517,0,0.9991623163223267,Exposure to foods' non-taste sensory properties. A nursery intervention to increase children's willingness to try fruit and vegetables
518,0,0.9996851682662964,"Traveller's Diarrhea, With A Vengeance"
519,0,0.9906310439109802,Dissociation of egocentric and allocentric coding of space in visual search after right middle cerebral artery stroke
520,1,0.892737627029419,Eavesdropping squirrels reduce their future value of food under the perceived presence of cache robbers.
521,0,0.9998183846473694,Rearrangement of the JC virus regulatory region sequence in the bone marrow of a patient with rheumatoid arthritis and progressive multifocal leukoencephalopathy
522,0,0.9997352957725525,On the Comparative Palatability of Some Dry-Season Tadpoles from Costa Rica.
523,0,0.9998142123222351,A Study on the Coffee Spilling Phenomena in the Low Impulse Regime
524,1,0.58467698097229,Phasic spike-timing-dependent plasticity of human motor cortex during walking
525,0,0.9999312162399292,Can Chest CT Decrease the Use of Preoperative Bronchoscopy in the Evaluation of Suspected Bronchogenic Carcinoma
526,1,0.9390040040016174,A hippocampal model predicts a fluctuating phase transition when learning certain trace conditioning paradigms
527,1,0.9965375661849976,"Clinical, angiographic, and hemodynamic assessment of late results after Mustard operation."
528,1,0.9149256944656372,Quantitative Doppler flowmetry of the portal vein in hepatic allografts: initial results in animal and human subjects
529,1,0.9957921504974365,Subsets of pituitary intermediate lobe cells bind CRH and secrete ACTH/CLIP in a reverse hemolytic plaque assay
530,1,0.9056835770606995,Sexual and intimacy health of Catholic priests.
531,0,0.9992582201957703,"C:N:P ratios and stable carbon isotope compositions as indicators of organic matter sources in a riverine wetland system (Moji-guaçu River, São Paulo-Brazil)"
532,0,0.9910507202148438,The heritability of the skin conductance orienting response: A longitudinal twin study
533,0,0.9999126195907593,Initiated rat hepatocytes in primary culture: a novel tool to study alterations in growth control during the first stage of carcinogenesis.
534,0,0.6276269555091858,A Frog in Your Throat or in Your Ear?: Searching for the Causes of Poor Singing
535,0,0.9923139214515686,Fronto-parietal coupling of brain rhythms in mild cognitive impairment: A multicentric EEG study
536,0,0.9997908473014832,A Performance Limit of TOA-Based Location-Aware Wireless Networks With Ranging Outliers
537,1,0.8690335750579834,Motor adaptation to a small force field superimposed on a large background force
538,0,0.9988232254981995,Three Forms of the Human Nose
539,0,0.9998319149017334,Role of Magical Thinking in Obsessive-Compulsive Symptoms in an Undergraduate Sample
540,0,0.999872088432312,Digit Ratio as an Indicator of Numeracy Relative to Literacy in 7-year-old British Schoolchildren
541,1,0.9923680424690247,The case of the haunted scrotum.
542,1,0.9984886646270752,The History of the Evil Eye and Its Influence on Ophthalmology medicine and Social Customs
543,0,0.999099850654602,Comparison of methodologies for field measurement of net nitrogen mineralisation in arable soils
544,0,0.9996455907821655,Distinct effect of 5-HT1A and 5-HT2A receptors in the medial nucleus of the amygdala on tonic immobility behavior
545,0,0.9986898303031921,Human Saliva as a Cleaning Agent for Dirty Surfaces
546,0,0.9988766312599182,Cookie monster is autistic.
547,0,0.9997621178627014,Theoretical Study of Colliding Pulse Passively Mode-Locked Semiconductor Ring Lasers With an Intracavity MachZehnder Modulator
548,1,0.9419471025466919,How to Perform a Digital Removal of Faeces
549,1,0.9982081651687622,Center-surround antagonism in spatial vision: Retinal or cortical locus?
550,1,0.9545470476150513,Serotonergic Involvement in the Backward Tumbling Response of the Parlor Tumbler Pigeon
551,1,0.5025701522827148,Catching of balls unexpectedly thrown or fired by cannon.
552,1,0.9889509081840515,Inaccuracy and instability of sequential movements in Parkinson's disease
553,1,0.63482666015625,Adaptive FEC-based lightpath routing and wavelength assignment in WDM optical networks
554,0,0.9998337030410767,Facebook as a site for negative age stereotypes.
555,0,0.9999216794967651,Shape of a Ponytail and the Statistical Physics of Hair Fiber Bundles
556,1,0.9987418055534363,"Phosphorus Supply Alters Tuber Composition, Flower Production, and Mycorrhizal Responsiveness of Container-grown Hybrid Zantedeschia"
557,0,0.9998996257781982,Soloist evaluations of six Old Italian and six new violins.
558,0,0.9995594620704651,Serotherapy of B-cell neoplasms with anti-B4-blocked ricin: a phase I trial of daily bolus infusion
559,1,0.9999755620956421,"I, zombie"
560,1,0.8544780015945435,Amygdala functional connectivity is associated with locus of control in the context of cognitive aging
561,0,0.9997496008872986,Use of Computational Modeling to Inform tDCS Electrode Montages for the Promotion of Language Recovery in Post-stroke Aphasia
562,1,0.9896095991134644,Ultrastructural pathology of dendritic spines in epitumorous human cerebral cortex
563,1,0.9918223023414612,Food Habits of Peg-leg Coyotes
564,0,0.9992128610610962,Acute and long-term efficacy and safety of sildenafil for the treatment of chronic thromboembolic pulmonary hypertension in a heart transplant recipient.
565,1,0.9984495639801025,How choice modifies preference: Neural correlates of choice justification
566,1,0.999672532081604,Functional relevance learning in generalized learning vector quantization
567,0,0.9997833371162415,Zimbabwes Casino Economy: Extraordinary Measures for Extraordinary Challenges
568,0,0.9998996257781982,Unusual distribution of red marrow mimicking chloroma in a patient with acute myelogenous leukemia
569,0,0.9999006986618042,Predicting Smartphone Operating System from Personality and Individual Differences.
570,1,0.9999508857727051,"A ""rose is a rose is a rose is a rose,"" but exactly what is a gastric adenocarcinoma?"
571,1,0.9945480227470398,Dopaminergic modulation of impulsive decision making in the rat insular cortex
572,0,0.9997277855873108,Modelling of Interaction between a Spatula and a Human Brain
573,1,0.9993247985839844,How to select representative geographical areas in mental health service research
574,0,0.9994279742240906,A Simplistic General Equilibrium Theory of Corruption
575,1,0.9991260170936584,"Introduction, rationale, and methodology"
576,1,0.999890923500061,News on the horizon is not good: interictal epileptic discharges continue to be unaffected by the therapeutic level of AEDs.
577,0,0.7336245179176331,Recurrent Laughter-induced Syncope
578,0,0.9989510774612427,Relationship Between Markers of Body Fat and Calcaneal Bone Stiffness Differs Between Preschool and Primary School Children: Results from the IDEFICS Baseline Survey
579,1,0.9951105713844299,Phonological perception by birds: budgerigars can perceive lexical stress
580,1,0.9999080896377563,Are we improving disease outcomes in IBD? A view from the epidemiology side.
581,1,0.5849180221557617,Ependymal cyst in the conus medullaris
582,1,0.9996377229690552,The Case of Moulay Ismael-Fact or Fancy?
583,0,0.9750803112983704,Criteria in Sentinel Lymph Nodes of Melanoma Patients that Predict Involvement of Nonsentinel Lymph Nodes
584,1,0.9996838569641113,Panty Hose-Pants Disease
585,1,0.9995701909065247,"Shake, Slow, and Selection: An Aspect of the Tradition Process Reflected by Discotheque Dances in Bergen, Norway."
586,0,0.9998838901519775,Fracture Penis: A Case More Heard about than Seen in General Surgical Practice
587,0,0.9998983144760132,"Comparative Innate Responses of the Aphid Parasitoid Diaeretiella rapae to Alkenyl Glucosinolate Derived Isothiocyanates, Nitriles, and Epithionitriles"
588,1,0.997774064540863,Emotions Generated by Meat and Other Food Products in Women
589,1,0.998212456703186,ECTES-Abstracts 2017
590,0,0.9997772574424744,On the Problem of Oscillatory Walk of Automatic Washing Machines.
591,1,0.9358213543891907,Microbiological Laboratory Hazard of Bearded Men
592,1,0.9965234398841858,Adaptive biomimetic control of robot arm motions
593,0,0.9972203969955444,Composition of the fauna and the communities structure of the Cicadina (Homoptera) in the lowland Trans-Volga woodlands
594,0,0.9971351623535156,Fictional privacy among Facebook users.
595,1,0.9998862743377686,Do cosmetics enhance female Caucasian facial attractiveness?
596,1,0.9993022680282593,Human reconsolidation does not always occur when a memory is retrieved: The relevance of the reminder structure
597,1,0.9987514019012451,Controversies in Bone Mineral Density Diagnostic Classifications
598,1,0.9891507625579834,Differential contributions of the globus pallidus and ventral thalamus to stimulusresponse learning in humans
599,0,0.9996908903121948,From Shakespeare to Star Trek and beyond: a Medline search for literary and other allusions in biomedical titles
600,0,0.521490216255188,Short-term effects of functional electrical stimulation on motor-evoked potentials in ankle flexor and extensor muscles
601,1,0.9997996687889099,Martial arts: time needed for training.
602,1,0.9997753500938416,Color Preference in the Insane.
603,0,0.9998725652694702,A micro creeping robot for colonoscopy based on the earthworm.
604,1,0.9890992641448975,Selective disturbance of mental rotation by cortical stimulation
605,0,0.850909948348999,Memory distortion in people reporting abduction by aliens.
606,1,0.9647067785263062,"The psychology, biology and Pedagogy of Genius"
607,1,0.9998575448989868,The Tight-Girdle Syndrome
608,1,0.9977661371231079,"NIH peer review reform -- change we need, or lipstick on a pig?"
609,0,0.9703192710876465,Dose reduction in CT examination of children by an attenuation-based on-line modulation of tube current (CARE Dose)
610,1,0.9419180154800415,"CSIT Error Analysis in TDD Systems with Estimation Delay, Noise and Pilot Interference"
611,0,0.8943917751312256,Benign core biopsy of probably benign breast lesions 2 cm or larger: correlation with excisional biopsy and long-term follow-up
612,0,0.9996581077575684,Reduced Thickness of Medial Orbitofrontal Cortex in Smokers
613,0,0.9987885355949402,Involvement of the Motor Cortex in the Bimanual Unloading Reaction: A Transcranial Magnetic Stimulation Study
614,0,0.9520866870880127,Bacterial biomass in ornithogenic soils of Antarctica
615,0,0.9998689889907837,"A 4-year-old with a ""pirate face""."
616,1,0.994949221611023,"Inflammation, the microenvironment and chronic lymphocytic leukemia."
617,1,0.9973698854446411,Mean-square stability analysis of discrete-time stochastic Markov jump recurrent neural networks with mixed delays
618,0,0.9991517066955566,Spouses with identical residential addresses before marriage: an indicator of pre-marital cohabitation.
619,0,0.5403422713279724,Current Distribution in Skeletal Muscle Activated by Functional Electrical Stimulation: Image-Series Formulation and Isometric Recruitment Curve
620,0,0.991375744342804,Second to Fourth Digit Ratio and Male Ability in Sport: Implications for Sexual Selection in Humans
621,0,0.9997496008872986,Evaluating performance of neural codes in model neural communication networks
622,1,0.5364819169044495,Bilateral deficit and symmetry in finger force production during two-hand multifinger tasks
623,1,0.9998575448989868,Hiccups and Digital Rectal Massage
624,0,0.9999135732650757,"Erysipelas in neutropenia of unknown origin, successfully treated with r-metHuG-CSF (filgrastim)"
625,0,0.9989063739776611,The effect of age and Alzheimer's disease on pyramidal neuron density in the individual fields of the hippocampal formation
626,1,0.9996004700660706,Praying-Induced Oromandibular Dystonia.
627,1,0.9947872161865234,Could Designing a Hospital Like a Medical Device Contribute to Patient Safety?
628,0,0.999153733253479,"Stability of Motor Programs during a State of Meditation: Electrocortical Activity in a Pianist Playing ""Vexations"" by Erik Satie Continuously for 28 Hours."
629,1,0.9999581575393677,What's new in histochemistry and cell biology?
630,1,0.9948719143867493,Virtual Synchronous Generator Control of Full Converter Wind Turbines With Short-Term Energy Storage
631,0,0.9727598428726196,Sexual dimorphism of brain developmental trajectories during childhood and adolescence
632,1,0.9981491565704346,"Time-Domain Analysis of ""OM"" Mantra to Study It's [sic] Effect on Nervous System."
633,1,0.9140331745147705,Ten Quick Tips for Using the Gene Ontology
634,1,0.9996942281723022,Kangaroo Care: Not a Useless Therapy
635,1,0.9949435591697693,Task force 9: training in the care of adult patients with congenital heart disease.
636,0,0.9342190623283386,"Mangrove litter dynamics in La Mancha Lagoon, Veracruz, Mexico"
637,1,0.9883565306663513,The dystrobrevin-binding protein 1 gene: features and networks
638,1,0.9998893737792969,Who Do You Look Like? Evidence for the Existence of Facial Stereotypes for Male Names.
639,1,0.9987524747848511,Middleware-Layer Quality-Aware Collaborative Re-casting of Live Multimedia in Multi-hop Spontaneous Networks
640,1,0.9999197721481323,Bottoms Up! The Influence of Elongation on Pouring and Consumption Volume.
641,0,0.9996597766876221,Abuse of a Corpse: A Brief History and Re-Theorization of Necrophilia Laws in the USA.
642,0,0.9997938275337219,"(Z,Z)-6,9-Heneicosadien-11-One, Labile Sex Pheromone of the Whitemarked Tussock Moth, Orgyia leucostigma"
643,1,0.9999806880950928,None Like It Hot.
644,1,0.9071356654167175,Pancreaticobiliary Maljunctions in European Patients with Bile Duct Cysts
645,0,0.9996610879898071,Species of Botryosphaeriaceae occurring on Proteaceae
646,1,0.9996817111968994,"Playing 'Tetris' reduces the strength, frequency and vividness of naturally occurring cravings."
647,0,0.9092385768890381,The Impact of Genetic Removal of GFAP and/or Vimentin on Glutamine Levels and Transport of Glucose and Ascorbate in Astrocytes
648,0,0.9997071623802185,Digit Ratio (2D:4D) and Wearing of Wedding Rings
649,1,0.9882811903953552,Facial Representation of Multivariate Data.
650,1,0.8677444458007812,The Role of Auditory Cues in Modulating the Perceived Crispness and Staleness of Potato Chips.
651,0,0.9996492862701416,A Prompt Plus Delayed Contingency Procedure for Reducing Bathroom Graffiti.
652,0,0.9989797472953796,DNA Fingerprinting and Genetic Characterization of Anatolian Triticum spp. using AFLP Markers
653,0,0.9794909358024597,Perception of Female Buttocks and Breast Size in Profile
654,1,0.9951785802841187,High-Sensitivity CMOS RF-DC Converter in HF RFID Band
655,0,0.9993450045585632,Visual perception as an integrated characteristic of the psychophysiological development of six- to eight-year-old children
656,0,0.9998898506164551,An acute anxiety state in an adolescent precipitated by viewing a horror movie
657,0,0.9998637437820435,Rate of vision loss in neovascular age-related macular degeneration explored
658,1,0.9989618062973022,On what I do not understand (and have something to say)
659,1,0.8458158373832703,Visual search strategies of baseball batters: eye movements during the preparatory phase of batting
660,1,0.9954404830932617,Coordination Modes in the Multisegmental Dynamics of Hula Hooping
661,0,0.9997138381004333,Analysis of Expired Air of Fasting Male Monks at Mount Athos.
662,0,0.9998601675033569,MRI tracking of bone marrow mesenchymal stem cells labeled with ultra-small superparamagnetic iron oxide nanoparticles in a rat model of temporal lobe epilepsy
663,1,0.995814859867096,Effects of Serotonin Re-uptake Inhibition on Ventilatory Control in Goats
664,0,0.9986135959625244,Older male vs. younger female: a lawsuit waiting to happen
665,0,0.9898084998130798,Unusual Presentations of Infectious Diseases
666,1,0.9921823143959045,"Pulling the finger off disrupts agency, embodiment and peripersonal space."
667,0,0.9998950958251953,Design and Implementation of a Wireless Sensor Network-Based Remote Water-Level Monitoring System
668,0,0.9703695774078369,Observation learning versus physical practice leads to different consolidation outcomes in a movement timing task
669,0,0.9996565580368042,Dichoptically cancelled motion
670,1,0.9993913173675537,Possibilities of Cheiloscopy
671,1,0.6468439698219299,Sex Differences in the Jealousy-Evoking Nature of a Rival's Body Build.
672,0,0.9998599290847778,Measuring the useful field of view during simulated driving with gaze-contingent displays
673,0,0.9998683929443359,"Causal evidence for the involvement of the neural cell adhesion molecule, NCAM, in chronic stress-induced cognitive impairments."
674,0,0.8641122579574585,"The effect of triazole-coated superphosphate, applied at sowing, on stripe rust and yield of wheat"
675,1,0.9930302500724792,Feature integration across multimodal perception and action: a review.
676,0,0.9987083673477173,"Interactions Among the Brain Default-Mode, Salience, and Central-Executive Networks During Perceptual Decision-Making of Moving Dots"
677,1,0.9801228642463684,Shooting the messenger: outsiders critical of your group are rejected regardless of argument quality.
678,1,0.9849280118942261,The Impact of Menstrual Cycle Phase on Economic Choice and Rationality
679,0,0.9707272052764893,Fart molecule could be the next Viagra
680,0,0.9728715419769287,Preventing Winter Falls: A Randomised Controlled Trial of a Novel Intervention
681,0,0.9995728135108948,A rank based social norms model of how people judge their levels of drunkenness whilst intoxicated
682,0,0.998603880405426,The Psychobiology of the Near Miss in Fruit Machine Gambling.
683,0,0.9305479526519775,Induction of an illusory shadow person
684,0,0.9989650249481201,Auditory stimulation of opera music induced prolongation of murine cardiac allograft survival and maintained generation of regulatory CD4+CD25+ cells
685,0,0.9212397336959839,Hitching the gallbladder in laparoscopic-assisted cholecysto-cholangiography: a simple technique
686,1,0.998648464679718,"Hypothalamic control of energy balance: different peptides, different functions"
687,0,0.9960547685623169,Neonatal orchitis mimicking cystic dysplasia of the testis
688,0,0.9995618462562561,Jealousy and mutilation: nose-biting as retribution for adultery
689,1,0.9998106360435486,A World of Lies.
